{"cameraMode":{"drawMode":0,"name":"Shaded","section":"Shading Mode"},"sceneLighting":true,"audioPlay":false,"sceneViewState":{"m_AlwaysRefresh":false,"showFog":true,"showSkybox":true,"showFlares":true,"showImageEffects":true,"showParticleSystems":true,"showVisualEffectGraphs":true,"m_FxEnabled":true},"in2DMode":false,"pivot":{"x":-0.0012739654630422593,"y":-0.011885792948305607,"z":0.006948814727365971},"rotation":{"x":-0.2611774802207947,"y":-0.3889203667640686,"z":0.11597781628370285,"w":-0.8758294582366943},"size":30.277040481567384,"orthographic":false}