{"cameraMode":{"drawMode":0,"name":"Shaded","section":"Shading Mode"},"sceneLighting":true,"audioPlay":false,"sceneViewState":{"m_AlwaysRefresh":false,"showFog":true,"showSkybox":true,"showFlares":true,"showImageEffects":true,"showParticleSystems":true,"showVisualEffectGraphs":true,"m_FxEnabled":true},"in2DMode":false,"pivot":{"x":-0.0012739654630422593,"y":-0.011885792948305607,"z":0.006948814727365971},"rotation":{"x":-0.07155236601829529,"y":-0.5693809390068054,"z":0.04983881860971451,"w":-0.8174369931221008},"size":5.401749610900879,"orthographic":false}